<?xml version="1.0"?>
<?xml-stylesheet type="text/xsl" href="configuration.xsl"?>

<!-- Put site-specific property overrides in this file. -->

<configuration>
  <property>
    <name>dfs.replication</name>
    <value>1</value>
    <description>Default block replication. The actual number of replications can be specified when the file is created. The default is used if replication is not specified in create time. </description>
  </property>
  <property>
  <name>dfs.tmp.dir</name>
  <value>absolute_path_to_tmp_dir</value>
  </property>
  <property>
  <name>dfs.name.dir</name>
  <value>absolute_path_to_namenode_dir</value>
  </property>
  <property>
  <name>dfs.data.dir</name>
  <value>absolute_path_to_data_dir</value>
  </property> 
  <property>
    <name>dfs.block.size</name>
    <Xvalue>67108864</Xvalue>
    <value>268435456</value>
  </property>
  <property>
    <name>dfs.balance.bandwidthPerSec</name>
    <value>1048576000</value>
  </property> 

<property>
  <name>dfs.namenode.handler.count</name>
    <value>20</value>
      <description>The number of server threads for the namenode.</description>
      </property>

  <property>
      <name>dfs.datanode.handler.count</name>
          <value>20</value>
            </property>

  <property>
      <name>dfs.datanode.max.xcievers</name>
          <value>3072</value>
            </property>


</configuration>
